{
    "accuracy": 0.984408979892268,
    "auc_score": 0.9970065866312644,
    "confusion_matrix": [
        [
            6074,
            225
        ],
        [
            241,
            23349
        ]
    ],
    "classification_report": {
        "house": {
            "precision": 0.9618368962787015,
            "recall": 0.9642800444515003,
            "f1-score": 0.9630569208815601,
            "support": 6299.0
        },
        "street": {
            "precision": 0.990455586663273,
            "recall": 0.9897838066977532,
            "f1-score": 0.9901195827325927,
            "support": 23590.0
        },
        "macro_avg": {
            "precision": 0.9761462414709873,
            "recall": 0.9770319255746267,
            "f1-score": 0.9765882518070764,
            "support": 29889.0
        },
        "weighted_avg": {
            "precision": 0.9844242998777528,
            "recall": 0.984408979892268,
            "f1-score": 0.9844162234030851,
            "support": 29889.0
        }
    }
}